[{"model": "auth.permission", "pk": 1, "fields": {"name": "Can add log entry", "content_type": 1, "codename": "add_logentry"}}, {"model": "auth.permission", "pk": 2, "fields": {"name": "Can change log entry", "content_type": 1, "codename": "change_logentry"}}, {"model": "auth.permission", "pk": 3, "fields": {"name": "Can delete log entry", "content_type": 1, "codename": "delete_logentry"}}, {"model": "auth.permission", "pk": 4, "fields": {"name": "Can view log entry", "content_type": 1, "codename": "view_logentry"}}, {"model": "auth.permission", "pk": 5, "fields": {"name": "Can add permission", "content_type": 2, "codename": "add_permission"}}, {"model": "auth.permission", "pk": 6, "fields": {"name": "Can change permission", "content_type": 2, "codename": "change_permission"}}, {"model": "auth.permission", "pk": 7, "fields": {"name": "Can delete permission", "content_type": 2, "codename": "delete_permission"}}, {"model": "auth.permission", "pk": 8, "fields": {"name": "Can view permission", "content_type": 2, "codename": "view_permission"}}, {"model": "auth.permission", "pk": 9, "fields": {"name": "Can add group", "content_type": 3, "codename": "add_group"}}, {"model": "auth.permission", "pk": 10, "fields": {"name": "Can change group", "content_type": 3, "codename": "change_group"}}, {"model": "auth.permission", "pk": 11, "fields": {"name": "Can delete group", "content_type": 3, "codename": "delete_group"}}, {"model": "auth.permission", "pk": 12, "fields": {"name": "Can view group", "content_type": 3, "codename": "view_group"}}, {"model": "auth.permission", "pk": 13, "fields": {"name": "Can add content type", "content_type": 4, "codename": "add_contenttype"}}, {"model": "auth.permission", "pk": 14, "fields": {"name": "Can change content type", "content_type": 4, "codename": "change_contenttype"}}, {"model": "auth.permission", "pk": 15, "fields": {"name": "Can delete content type", "content_type": 4, "codename": "delete_contenttype"}}, {"model": "auth.permission", "pk": 16, "fields": {"name": "Can view content type", "content_type": 4, "codename": "view_contenttype"}}, {"model": "auth.permission", "pk": 17, "fields": {"name": "Can add session", "content_type": 5, "codename": "add_session"}}, {"model": "auth.permission", "pk": 18, "fields": {"name": "Can change session", "content_type": 5, "codename": "change_session"}}, {"model": "auth.permission", "pk": 19, "fields": {"name": "Can delete session", "content_type": 5, "codename": "delete_session"}}, {"model": "auth.permission", "pk": 20, "fields": {"name": "Can view session", "content_type": 5, "codename": "view_session"}}, {"model": "auth.permission", "pk": 21, "fields": {"name": "Can add product category", "content_type": 6, "codename": "add_productcategory"}}, {"model": "auth.permission", "pk": 22, "fields": {"name": "Can change product category", "content_type": 6, "codename": "change_productcategory"}}, {"model": "auth.permission", "pk": 23, "fields": {"name": "Can delete product category", "content_type": 6, "codename": "delete_productcategory"}}, {"model": "auth.permission", "pk": 24, "fields": {"name": "Can view product category", "content_type": 6, "codename": "view_productcategory"}}, {"model": "auth.permission", "pk": 25, "fields": {"name": "Can add product", "content_type": 7, "codename": "add_product"}}, {"model": "auth.permission", "pk": 26, "fields": {"name": "Can change product", "content_type": 7, "codename": "change_product"}}, {"model": "auth.permission", "pk": 27, "fields": {"name": "Can delete product", "content_type": 7, "codename": "delete_product"}}, {"model": "auth.permission", "pk": 28, "fields": {"name": "Can view product", "content_type": 7, "codename": "view_product"}}, {"model": "auth.permission", "pk": 29, "fields": {"name": "Can add user", "content_type": 8, "codename": "add_shopuser"}}, {"model": "auth.permission", "pk": 30, "fields": {"name": "Can change user", "content_type": 8, "codename": "change_shopuser"}}, {"model": "auth.permission", "pk": 31, "fields": {"name": "Can delete user", "content_type": 8, "codename": "delete_shopuser"}}, {"model": "auth.permission", "pk": 32, "fields": {"name": "Can view user", "content_type": 8, "codename": "view_shopuser"}}, {"model": "auth.permission", "pk": 33, "fields": {"name": "Can add shop user profile", "content_type": 9, "codename": "add_shopuserprofile"}}, {"model": "auth.permission", "pk": 34, "fields": {"name": "Can change shop user profile", "content_type": 9, "codename": "change_shopuserprofile"}}, {"model": "auth.permission", "pk": 35, "fields": {"name": "Can delete shop user profile", "content_type": 9, "codename": "delete_shopuserprofile"}}, {"model": "auth.permission", "pk": 36, "fields": {"name": "Can view shop user profile", "content_type": 9, "codename": "view_shopuserprofile"}}, {"model": "auth.permission", "pk": 37, "fields": {"name": "Can add basket", "content_type": 10, "codename": "add_basket"}}, {"model": "auth.permission", "pk": 38, "fields": {"name": "Can change basket", "content_type": 10, "codename": "change_basket"}}, {"model": "auth.permission", "pk": 39, "fields": {"name": "Can delete basket", "content_type": 10, "codename": "delete_basket"}}, {"model": "auth.permission", "pk": 40, "fields": {"name": "Can view basket", "content_type": 10, "codename": "view_basket"}}, {"model": "auth.permission", "pk": 41, "fields": {"name": "Can add association", "content_type": 11, "codename": "add_association"}}, {"model": "auth.permission", "pk": 42, "fields": {"name": "Can change association", "content_type": 11, "codename": "change_association"}}, {"model": "auth.permission", "pk": 43, "fields": {"name": "Can delete association", "content_type": 11, "codename": "delete_association"}}, {"model": "auth.permission", "pk": 44, "fields": {"name": "Can view association", "content_type": 11, "codename": "view_association"}}, {"model": "auth.permission", "pk": 45, "fields": {"name": "Can add code", "content_type": 12, "codename": "add_code"}}, {"model": "auth.permission", "pk": 46, "fields": {"name": "Can change code", "content_type": 12, "codename": "change_code"}}, {"model": "auth.permission", "pk": 47, "fields": {"name": "Can delete code", "content_type": 12, "codename": "delete_code"}}, {"model": "auth.permission", "pk": 48, "fields": {"name": "Can view code", "content_type": 12, "codename": "view_code"}}, {"model": "auth.permission", "pk": 49, "fields": {"name": "Can add nonce", "content_type": 13, "codename": "add_nonce"}}, {"model": "auth.permission", "pk": 50, "fields": {"name": "Can change nonce", "content_type": 13, "codename": "change_nonce"}}, {"model": "auth.permission", "pk": 51, "fields": {"name": "Can delete nonce", "content_type": 13, "codename": "delete_nonce"}}, {"model": "auth.permission", "pk": 52, "fields": {"name": "Can view nonce", "content_type": 13, "codename": "view_nonce"}}, {"model": "auth.permission", "pk": 53, "fields": {"name": "Can add user social auth", "content_type": 14, "codename": "add_usersocialauth"}}, {"model": "auth.permission", "pk": 54, "fields": {"name": "Can change user social auth", "content_type": 14, "codename": "change_usersocialauth"}}, {"model": "auth.permission", "pk": 55, "fields": {"name": "Can delete user social auth", "content_type": 14, "codename": "delete_usersocialauth"}}, {"model": "auth.permission", "pk": 56, "fields": {"name": "Can view user social auth", "content_type": 14, "codename": "view_usersocialauth"}}, {"model": "auth.permission", "pk": 57, "fields": {"name": "Can add partial", "content_type": 15, "codename": "add_partial"}}, {"model": "auth.permission", "pk": 58, "fields": {"name": "Can change partial", "content_type": 15, "codename": "change_partial"}}, {"model": "auth.permission", "pk": 59, "fields": {"name": "Can delete partial", "content_type": 15, "codename": "delete_partial"}}, {"model": "auth.permission", "pk": 60, "fields": {"name": "Can view partial", "content_type": 15, "codename": "view_partial"}}, {"model": "auth.permission", "pk": 61, "fields": {"name": "Can add заказ", "content_type": 16, "codename": "add_order"}}, {"model": "auth.permission", "pk": 62, "fields": {"name": "Can change заказ", "content_type": 16, "codename": "change_order"}}, {"model": "auth.permission", "pk": 63, "fields": {"name": "Can delete заказ", "content_type": 16, "codename": "delete_order"}}, {"model": "auth.permission", "pk": 64, "fields": {"name": "Can view заказ", "content_type": 16, "codename": "view_order"}}, {"model": "auth.permission", "pk": 65, "fields": {"name": "Can add order item", "content_type": 17, "codename": "add_orderitem"}}, {"model": "auth.permission", "pk": 66, "fields": {"name": "Can change order item", "content_type": 17, "codename": "change_orderitem"}}, {"model": "auth.permission", "pk": 67, "fields": {"name": "Can delete order item", "content_type": 17, "codename": "delete_orderitem"}}, {"model": "auth.permission", "pk": 68, "fields": {"name": "Can view order item", "content_type": 17, "codename": "view_orderitem"}}, {"model": "mainapp.productcategory", "pk": 1, "fields": {"name": "Новая", "description": "", "is_active": false}}, {"model": "mainapp.productcategory", "pk": 7, "fields": {"name": "Стулья", "description": "Удобные стулья на все случаи жизни - именно", "is_active": true}}, {"model": "mainapp.productcategory", "pk": 8, "fields": {"name": "Диваны", "description": "Удобный диваны", "is_active": true}}, {"model": "mainapp.productcategory", "pk": 9, "fields": {"name": "Кухни", "description": "практичные и не дорогие", "is_active": true}}, {"model": "mainapp.productcategory", "pk": 10, "fields": {"name": "Кровати", "description": "Для хорошего сна", "is_active": true}}, {"model": "mainapp.productcategory", "pk": 11, "fields": {"name": "Шкафы", "description": "Вместительные и практичные", "is_active": true}}, {"model": "mainapp.product", "pk": 11, "fields": {"category": 7, "name": "Кухонный стул", "image": "products_images/3e5ed20e39497253429625ecc62a4803.jpg", "short_desc": "Лаконичный", "description": "Просто удобный и комфортный", "price": "5220.00", "quantity": 2, "is_active": true}}, {"model": "mainapp.product", "pk": 14, "fields": {"category": 7, "name": "Валенсия", "image": "products_images/efdcf673bc35e864cedfefc4f5bf6e71_1_HDVsndQ.jpg", "short_desc": "Удобный стул", "description": "Удобный стул на все случаи жизни", "price": "699.30", "quantity": 102, "is_active": true}}, {"model": "mainapp.product", "pk": 17, "fields": {"category": 7, "name": "Логан", "image": "products_images/6163276214.webp", "short_desc": "Очень удобный", "description": "Удобный и стильный стул на все случаи жизни", "price": "702.00", "quantity": 441, "is_active": true}}, {"model": "mainapp.product", "pk": 18, "fields": {"category": 7, "name": "Reno", "image": "products_images/6094794560.webp", "short_desc": "Очень удобный", "description": "Удобный и стильный стул на все случаи жизни", "price": "1350.00", "quantity": 99, "is_active": true}}, {"model": "mainapp.product", "pk": 19, "fields": {"category": 7, "name": "Basit", "image": "products_images/6016114856.webp", "short_desc": "Очень удобный", "description": "Удобный и стильный стул на все случаи жизни", "price": "1620.00", "quantity": 4, "is_active": true}}, {"model": "mainapp.product", "pk": 20, "fields": {"category": 7, "name": "РМ-529", "image": "products_images/6148379442.webp", "short_desc": "Очень удобный", "description": "Удобный и стильный стул на все случаи жизни", "price": "702.00", "quantity": 102, "is_active": true}}, {"model": "mainapp.product", "pk": 21, "fields": {"category": 7, "name": "ProFit", "image": "products_images/6064771393.webp", "short_desc": "Очень удобный", "description": "Удобный и стильный стул на все случаи жизни", "price": "1602.00", "quantity": 94, "is_active": true}}, {"model": "mainapp.product", "pk": 22, "fields": {"category": 7, "name": "Лаки", "image": "products_images/product-4.jpg", "short_desc": "Очень удобный", "description": "Удобный и стильный стул на все случаи жизни", "price": "3402.00", "quantity": 7, "is_active": true}}, {"model": "mainapp.product", "pk": 23, "fields": {"category": 7, "name": "РС-015", "image": "products_images/product-4.jpg", "short_desc": "Очень удобный", "description": "Удобный и стильный стул на все случаи жизни", "price": "2502.00", "quantity": 100, "is_active": true}}, {"model": "mainapp.product", "pk": 24, "fields": {"category": 7, "name": "Марсель", "image": "products_images/6082541320.webp", "short_desc": "Очень удобный", "description": "Удобный и стильный стул на все случаи жизни", "price": "3402.00", "quantity": 100, "is_active": true}}, {"model": "mainapp.product", "pk": 25, "fields": {"category": 7, "name": "Капри", "image": "products_images/6115657572.webp", "short_desc": "Очень удобный", "description": "Удобный и стильный стул на все случаи жизни", "price": "1602.00", "quantity": 106, "is_active": true}}, {"model": "mainapp.product", "pk": 26, "fields": {"category": 7, "name": "Бонус", "image": "products_images/6234220211.webp", "short_desc": "Очень удобный", "description": "Удобный и стильный стул на все случаи жизни", "price": "2502.00", "quantity": 4, "is_active": true}}, {"model": "mainapp.product", "pk": 27, "fields": {"category": 7, "name": "Ромашка", "image": "products_images/6130043552.webp", "short_desc": "Очень удобный", "description": "Удобный и стильный стул на все случаи жизни", "price": "90.00", "quantity": 14, "is_active": true}}, {"model": "mainapp.product", "pk": 28, "fields": {"category": 7, "name": "ССН", "image": "products_images/6234220211_rnrss7I.webp", "short_desc": "Очень удобный", "description": "Удобный и стильный стул на все случаи жизни", "price": "2502.00", "quantity": 97, "is_active": true}}, {"model": "mainapp.product", "pk": 29, "fields": {"category": 7, "name": "Луи", "image": "products_images/product-4.jpg", "short_desc": "Очень удобный", "description": "Удобный и стильный стул на все случаи жизни", "price": "3402.00", "quantity": 102, "is_active": true}}, {"model": "mainapp.product", "pk": 37, "fields": {"category": 8, "name": "Диван 1", "image": "products_images/1b1fd3f336cc7dd1f376d3270721ecfa.jpg", "short_desc": "Удобный диван", "description": "Удобный и хороший диван", "price": "5800.00", "quantity": 102, "is_active": true}}, {"model": "mainapp.product", "pk": 38, "fields": {"category": 8, "name": "Диван 2", "image": "products_images/1549177071377_1.jpg", "short_desc": "Стильный диван", "description": "Очень удобный и хороши", "price": "1000.00", "quantity": 100, "is_active": true}}, {"model": "mainapp.product", "pk": 39, "fields": {"category": 8, "name": "Диван 3", "image": "products_images/akkord-120-kombi-ekokozha-800x500.jpg", "short_desc": "Удобство во всем", "description": "", "price": "8500.00", "quantity": 100, "is_active": true}}, {"model": "basketapp.basket", "pk": 38, "fields": {"user": 1, "product": 22, "quantity": 9, "add_datetime": "2022-02-08T13:18:34.311Z"}}, {"model": "basketapp.basket", "pk": 44, "fields": {"user": 1, "product": 14, "quantity": 3, "add_datetime": "2022-02-08T14:12:32.719Z"}}, {"model": "basketapp.basket", "pk": 45, "fields": {"user": 1, "product": 21, "quantity": 8, "add_datetime": "2022-02-08T14:17:24.344Z"}}, {"model": "basketapp.basket", "pk": 46, "fields": {"user": 1, "product": 27, "quantity": 18, "add_datetime": "2022-02-08T14:17:41.788Z"}}, {"model": "basketapp.basket", "pk": 47, "fields": {"user": 1, "product": 28, "quantity": 3, "add_datetime": "2022-02-08T14:21:16.393Z"}}, {"model": "basketapp.basket", "pk": 48, "fields": {"user": 1, "product": 20, "quantity": 6, "add_datetime": "2022-02-08T14:22:16.943Z"}}, {"model": "basketapp.basket", "pk": 49, "fields": {"user": 1, "product": 11, "quantity": 4, "add_datetime": "2022-02-08T14:44:35.596Z"}}, {"model": "basketapp.basket", "pk": 50, "fields": {"user": 1, "product": 19, "quantity": 6, "add_datetime": "2022-02-08T14:45:43.546Z"}}, {"model": "basketapp.basket", "pk": 51, "fields": {"user": 1, "product": 17, "quantity": 3, "add_datetime": "2022-02-08T14:48:58.771Z"}}, {"model": "basketapp.basket", "pk": 52, "fields": {"user": 1, "product": 18, "quantity": 1, "add_datetime": "2022-02-08T14:52:49.754Z"}}, {"model": "basketapp.basket", "pk": 53, "fields": {"user": 1, "product": 26, "quantity": 6, "add_datetime": "2022-02-08T14:54:29.602Z"}}, {"model": "ordersapp.order", "pk": 1, "fields": {"user": 1, "created": "2022-02-03T17:54:57.457Z", "updated": "2022-02-04T17:05:51.449Z", "status": "FM", "is_active": false}}, {"model": "ordersapp.order", "pk": 2, "fields": {"user": 1, "created": "2022-02-04T19:36:17.422Z", "updated": "2022-02-05T19:04:53.585Z", "status": "FM", "is_active": false}}, {"model": "ordersapp.order", "pk": 3, "fields": {"user": 1, "created": "2022-02-06T06:12:47.706Z", "updated": "2022-02-06T20:00:44.305Z", "status": "CNC", "is_active": true}}, {"model": "ordersapp.order", "pk": 4, "fields": {"user": 1, "created": "2022-02-06T06:18:29.673Z", "updated": "2022-02-06T06:18:29.738Z", "status": "FM", "is_active": false}}, {"model": "ordersapp.order", "pk": 5, "fields": {"user": 1, "created": "2022-02-06T11:59:04.040Z", "updated": "2022-02-08T09:30:23.021Z", "status": "RDY", "is_active": true}}, {"model": "ordersapp.orderitem", "pk": 1, "fields": {"order": 1, "product": 38, "quantity": 2}}, {"model": "ordersapp.orderitem", "pk": 2, "fields": {"order": 1, "product": 37, "quantity": 1}}, {"model": "ordersapp.orderitem", "pk": 3, "fields": {"order": 1, "product": 27, "quantity": 1}}, {"model": "ordersapp.orderitem", "pk": 4, "fields": {"order": 1, "product": 29, "quantity": 2}}, {"model": "ordersapp.orderitem", "pk": 5, "fields": {"order": 1, "product": 37, "quantity": 3}}, {"model": "ordersapp.orderitem", "pk": 6, "fields": {"order": 1, "product": 20, "quantity": 0}}, {"model": "ordersapp.orderitem", "pk": 7, "fields": {"order": 1, "product": 28, "quantity": 0}}, {"model": "ordersapp.orderitem", "pk": 8, "fields": {"order": 2, "product": 27, "quantity": 6}}, {"model": "ordersapp.orderitem", "pk": 9, "fields": {"order": 2, "product": 17, "quantity": 8}}, {"model": "ordersapp.orderitem", "pk": 10, "fields": {"order": 2, "product": 27, "quantity": 4}}, {"model": "ordersapp.orderitem", "pk": 11, "fields": {"order": 2, "product": 23, "quantity": 10}}, {"model": "ordersapp.orderitem", "pk": 12, "fields": {"order": 2, "product": 37, "quantity": 2}}, {"model": "ordersapp.orderitem", "pk": 13, "fields": {"order": 3, "product": 27, "quantity": 2}}, {"model": "ordersapp.orderitem", "pk": 14, "fields": {"order": 3, "product": 21, "quantity": 4}}, {"model": "ordersapp.orderitem", "pk": 15, "fields": {"order": 3, "product": 11, "quantity": 0}}, {"model": "ordersapp.orderitem", "pk": 16, "fields": {"order": 5, "product": 21, "quantity": 2}}]